,seen payoff,seen win rate,unseen payoff,unseen win rate
ace,52.21294117647058,0.8823529411764706,52.418461538461536,1.0
no_greedy,58.44117647058824,0.8431372549019608,55.528717948717954,0.9487179487179488
no_sen,49.84745098039216,0.8235294117647058,52.582564102564106,0.9743589743589743
fixed,56.52235294117647,0.9411764705882353,51.46923076923077,0.9230769230769231
