,Vanilla,CoT,PLAP,Seen,Unseen,ACE
Vanilla,0.0,0.0,0.0,0.0,0.0,0.0
CoT,0.0,0.0,0.0,0.0,0.0,0.0
PLAP,0.0,0.0,0.0,0.0,0.0,0.0
Seen,0.0,0.0,0.0,0.0,0.0,0.05555555555555555
Unseen,0.0,0.0,0.0,0.0,0.0,0.0
ACE,1.0,1.0,1.0,0.9333333333333333,0.9333333333333333,0.0
